{
    "application_letter": {
        "path": "documents\/JGzcaJxnhe9hLySoQp4mthns7YuB8MXj6FNLp5U2.jpg",
        "original_name": "3.jpeg",
        "type": "jpeg",
        "uploaded_at": "2025-04-18 18:06:23"
    },
    "building_plan": {
        "path": "documents\/l9BGzABIZ8eUsCULFF9yFzf8z5KmHV11NJxHc3TV.jpg",
        "original_name": "WhatsApp Image 2025-03-14 at 1.14.48 PM (1).jpeg",
        "type": "jpeg",
        "uploaded_at": "2025-04-18 18:06:23"
    },
    "architectural_design": {
        "path": "documents\/PyZVUK9FiBZpD0XCdgpMWXXC5zS2PJ4J3jFl0uAE.jpg",
        "original_name": "3.jpeg",
        "type": "jpeg",
        "uploaded_at": "2025-04-18 18:06:23"
    },
    "ownership_document": {
        "path": "documents\/LQIQttbaZCTkJml1YHuAxyQnRfSKlumLhNbt58WS.png",
        "original_name": "SS202503015750_Logo 2.png",
        "type": "png",
        "uploaded_at": "2025-04-18 18:06:23"
    }
}